date,Open,High,Low,Close,Volume,ticker,volatility,news_sentiment,news_sentiment_change,news_volume,reddit_sentiment,reddit_sentiment_change,reddit_volume
2025-03-03,241.7899932861328,244.02999877929688,236.11000061035156,238.02999877929688,47184000,AAPL,0.03288356445833581,0.0,0.0,1.0,-0.1735,-0.1735,3.0
2025-03-04,237.7100067138672,240.07000732421875,234.67999267578125,235.92999267578125,53798100,AAPL,0.03288356445833581,0.14675,0.14675,2.0,0.021179599999999996,0.0,0.0
2025-03-05,235.4199981689453,236.5500030517578,229.22999572753903,235.7400054931641,47227600,AAPL,0.03288356445833581,0.15846666666666667,0.01171666666666668,3.0,0.021179599999999996,0.0,0.0
2025-03-06,234.44000244140625,237.86000061035156,233.16000366210935,235.3300018310547,45170400,AAPL,0.03288356445833581,0.06319022988505747,0.0,0.0,0.021179599999999996,0.0,0.0
2025-03-07,235.11000061035156,241.3699951171875,234.7599945068359,239.07000732421875,46273600,AAPL,0.03288356445833581,0.06319022988505747,0.0,0.0,0.0,0.1735,1.0
2025-03-10,235.5399932861328,236.16000366210935,224.22000122070312,227.47999572753903,72071200,AAPL,0.02444017901348201,0.0,-0.15846666666666667,1.0,0.0,0.0,1.0
2025-03-11,223.80999755859375,225.83999633789065,217.4499969482422,220.83999633789065,76137400,AAPL,0.026103746639459007,0.125,0.125,2.0,-0.16772,-0.16772,5.0
2025-03-12,220.13999938964844,221.75,214.91000366210935,216.97999572753903,62547500,AAPL,0.02517126364657453,0.0,-0.125,1.0,0.1909,0.35862,2.0
2025-03-13,215.9499969482422,216.83999633789065,208.4199981689453,209.67999267578125,61368300,AAPL,0.024566733573936815,0.08895,0.08895,2.0,0.0,-0.1909,1.0
2025-03-14,211.25,213.9499969482422,209.5800018310547,213.4900054931641,60107600,AAPL,0.025456547966136937,0.0,-0.08895,1.0,-0.17020000000000002,-0.17020000000000002,3.0
2025-03-17,213.30999755859375,215.22000122070312,209.97000122070312,214.0,48073400,AAPL,0.022041725706157866,0.3182,0.3182,1.0,0.021179599999999996,0.0,0.0
2025-03-18,214.16000366210935,215.1499938964844,211.4900054931641,212.69000244140625,42432400,AAPL,0.019792641728067585,-0.11333333333333334,-0.4315333333333333,3.0,0.0,0.0,1.0
2025-03-19,214.22000122070312,218.7599945068359,213.75,215.2400054931641,54385400,AAPL,0.020420140257142772,0.5984,0.7117333333333333,1.0,-0.027450000000000002,-0.027450000000000002,6.0
2025-03-20,213.9900054931641,217.4900054931641,212.22000122070312,214.1000061035156,48862900,AAPL,0.010616874914451803,0.0,-0.5984,1.0,-0.0193,0.008150000000000001,4.0
2025-03-21,211.55999755859375,218.83999633789065,211.27999877929688,218.27000427246097,94127800,AAPL,0.011041565119556744,0.6476,0.6476,1.0,0.16340000000000002,0.18270000000000003,3.0
2025-03-24,221.0,221.47999572753903,218.5800018310547,220.72999572753903,44299500,AAPL,0.011334476003644374,0.0,0.0,2.0,0.021179599999999996,0.0,0.0
2025-03-25,220.77000427246097,224.1000061035156,220.0800018310547,223.75,34493600,AAPL,0.009200954249151657,-0.1806,-0.1806,2.0,0.1909,-0.3197000000000001,2.0
2025-03-26,223.5099945068359,225.02000427246097,220.47000122070312,221.52999877929688,34466100,AAPL,0.012689077774295293,0.0,0.1806,1.0,0.2701,0.07920000000000002,3.0
2025-03-27,221.38999938964844,224.9900054931641,220.55999755859375,223.8500061035156,37094800,AAPL,0.011109551513020278,0.2202,0.2202,2.0,0.021179599999999996,0.0,0.0
2025-03-28,221.6699981689453,223.80999755859375,217.67999267578125,217.8999938964844,39818600,AAPL,0.01763110975789223,0.2263,0.006099999999999994,1.0,-0.05135,-0.32145,2.0
2025-03-31,217.0099945068359,225.6199951171875,216.22999572753903,222.1300048828125,65299300,AAPL,0.01923578692411833,0.42819999999999997,-0.20870000000000005,3.0,-0.0605,-0.0605,2.0
2025-04-01,219.80999755859375,223.67999267578125,218.8999938964844,223.19000244140625,36412700,AAPL,0.018198900124920776,0.05283333333333334,-0.3753666666666666,3.0,0.0,0.0605,2.0
2025-04-02,221.32000732421875,225.19000244140625,221.02000427246097,223.88999938964844,35905900,AAPL,0.017421074167358164,-0.0386,-0.09143333333333334,2.0,0.17806666666666668,0.17806666666666668,3.0
2025-04-03,205.5399932861328,207.4900054931641,201.25,203.19000244140625,103419000,AAPL,0.04654055245154261,-0.257775,-0.21917499999999998,4.0,0.029249999999999998,-0.14881666666666668,14.0
2025-04-04,193.88999938964844,199.8800048828125,187.33999633789065,188.3800048828125,125910900,AAPL,0.053157339486909726,0.0,0.257775,3.0,0.07966999999999999,0.05041999999999999,10.0
2025-04-07,177.1999969482422,194.1499938964844,174.6199951171875,181.4600067138672,160466300,AAPL,0.045806850143324904,-0.18505999999999997,-0.18505999999999997,5.0,0.1002,0.2702,8.0
2025-04-08,186.6999969482422,190.33999633789065,169.2100067138672,172.4199981689453,120859500,AAPL,0.038206382372677455,0.015599999999999998,0.20065999999999998,11.0,0.23762,0.13742,10.0
2025-04-09,171.9499969482422,200.61000061035156,171.88999938964844,198.8500061035156,184395900,AAPL,0.09575692766052586,-0.07269,-0.08829000000000001,10.0,0.07920666666666666,-0.15841333333333335,15.0
2025-04-10,189.07000732421875,194.77999877929688,183.0,190.4199981689453,121880000,AAPL,0.08819468942143313,-0.061575000000000005,0.011115,4.0,0.13055,0.05134333333333334,4.0
2025-04-11,186.1000061035156,199.5399932861328,186.05999755859375,198.1499938964844,87435900,AAPL,0.08261422653791707,-0.4767,-0.415125,1.0,-0.28683333333333333,-0.41738333333333333,3.0
2025-04-14,211.44000244140625,212.94000244140625,201.16000366210935,202.52000427246097,101352900,AAPL,0.07822335876303313,0.19235,0.17669999999999997,14.0,-0.16352,0.11293714285714285,5.0
2025-03-03,213.3500061035156,214.0099945068359,202.5500030517578,205.02000427246097,42948400,AMZN,0.03204882740025887,0.45132500000000003,0.0,4.0,-0.26025,0.0,2.0
2025-03-04,200.11000061035156,206.8000030517578,197.42999267578125,203.8000030517578,60853100,AMZN,0.03204882740025887,0.3818,-0.06952500000000006,1.0,0.04844091111111111,0.0,0.0
2025-03-05,204.8000030517578,209.97999572753903,203.2599945068359,208.36000061035156,38610100,AMZN,0.03204882740025887,0.1779,-0.20389999999999997,1.0,0.04844091111111111,0.0,0.0
2025-03-06,204.3999938964844,205.77000427246097,198.3000030517578,200.6999969482422,49863800,AMZN,0.03204882740025887,0.40835,0.23045,2.0,-0.3182,-0.05795,1.0
2025-03-07,199.4900054931641,202.27000427246097,192.52999877929688,199.25,59802800,AMZN,0.03204882740025887,0.3689057142857143,0.0,0.0,-0.4019,-0.0837,1.0
2025-03-10,195.6000061035156,196.72999572753903,190.8500061035156,194.5399932861328,62350900,AMZN,0.022374591610133162,0.2859666666666667,-0.12238333333333329,6.0,0.0,0.2808,2.0
2025-03-11,193.8999938964844,200.17999267578125,193.3999938964844,196.58999633789065,54002900,AMZN,0.02433051731759965,0.34,0.05403333333333332,1.0,-0.22519999999999998,-0.22519999999999998,3.0
2025-03-12,200.72000122070312,201.52000427246097,195.2899932861328,198.88999938964844,43679300,AMZN,0.021449157372456805,0.1779,-0.16210000000000002,1.0,0.3028333333333333,0.5280333333333332,3.0
2025-03-13,198.1699981689453,198.8800048828125,191.82000732421875,193.88999938964844,41270800,AMZN,0.01788834201282589,0.63582,0.45792000000000005,5.0,0.0,-0.3028333333333333,1.0
2025-03-14,197.41000366210935,198.6499938964844,195.32000732421875,197.9499969482422,38096700,AMZN,0.02171760541926567,0.226975,-0.408845,4.0,0.04844091111111111,0.0,0.0
2025-03-17,198.77000427246097,199.0,194.32000732421875,195.7400054931641,47341800,AMZN,0.01898278750380287,0.3689057142857143,0.0,0.0,0.34,0.34,1.0
2025-03-18,192.52000427246097,194.0,189.3800048828125,192.82000732421875,40414900,AMZN,0.019300144642176553,0.4816666666666667,0.25469166666666665,3.0,-0.02804999999999999,-0.36805,4.0
2025-03-19,193.3800048828125,195.97000122070312,191.9600067138672,195.5399932861328,39442900,AMZN,0.019800135828152148,0.54895,0.06728333333333336,2.0,0.08694,0.11499,5.0
2025-03-20,193.07000732421875,199.32000732421875,192.3000030517578,194.9499969482422,38921100,AMZN,0.015659029897101672,0.4939,-0.05505000000000004,1.0,-0.12822499999999998,-0.215165,4.0
2025-03-21,192.8999938964844,196.9900054931641,192.52000427246097,196.2100067138672,60056900,AMZN,0.012074962207200127,0.6952,0.20130000000000003,2.0,0.129,0.257225,4.0
2025-03-24,200.0,203.63999938964844,199.9499969482422,203.2599945068359,41625400,AMZN,0.01893830694490462,0.4767,-0.21850000000000003,1.0,0.1779,-0.07740000000000002,1.0
2025-03-25,203.6000061035156,206.2100067138672,203.22000122070312,205.7100067138672,31171200,AMZN,0.014133675935323949,0.104825,-0.371875,4.0,0.31174999999999997,0.13384999999999997,4.0
2025-03-26,205.83999633789065,206.0099945068359,199.92999267578125,201.1300048828125,32855300,AMZN,0.021144629526018012,0.5994,0.49457500000000004,1.0,0.55315,0.24140000000000006,2.0
2025-03-27,200.88999938964844,203.7899932861328,199.27999877929688,201.36000061035156,27317700,AMZN,0.02079742682344993,0.4767,-0.12270000000000003,1.0,0.04844091111111111,0.0,0.0
2025-03-28,198.4199981689453,199.2599945068359,191.8800048828125,192.72000122070312,52548200,AMZN,0.030646675766070375,0.45855,-0.01815,2.0,0.0,-0.55315,1.0
2025-03-31,188.19000244140625,191.3300018310547,184.3999938964844,190.2599945068359,63547600,AMZN,0.021601657384135817,0.4723,0.06490000000000001,8.0,-0.0605,-0.0605,2.0
2025-04-01,187.86000061035156,193.92999267578125,187.1999969482422,192.1699981689453,41267300,AMZN,0.021031352440758246,0.25895,-0.21334999999999998,2.0,0.04844091111111111,0.0,0.0
2025-04-02,187.66000366210935,198.33999633789065,187.66000366210935,196.0099945068359,53679200,AMZN,0.024738366659788052,0.08236666666666666,-0.17658333333333337,6.0,0.050925,0.111425,4.0
2025-04-03,183.0,184.1300048828125,176.9199981689453,178.41000366210938,95553600,AMZN,0.04610378981419674,0.178575,0.09620833333333335,4.0,-0.02791999999999999,-0.07884499999999998,5.0
2025-04-04,167.14999389648438,178.13999938964844,166.0,171.0,123159400,AMZN,0.04595505644109712,0.3689057142857143,0.0,0.0,0.0041444444444444384,0.03206444444444443,9.0
2025-04-07,162.0,183.41000366210935,161.3800048828125,175.25999450683594,109327100,AMZN,0.050987224025166006,0.287525,-0.22307500000000008,4.0,0.3705833333333333,0.45352333333333333,6.0
2025-04-08,185.22999572753903,185.8999938964844,168.57000732421875,170.66000366210938,87710400,AMZN,0.0488285805173782,0.44930000000000003,0.16177500000000006,5.0,0.105375,-0.2652083333333333,4.0
2025-04-09,172.1199951171875,192.6499938964844,169.92999267578125,191.1000061035156,116804300,AMZN,0.07847287857082474,0.27724000000000004,-0.17206,5.0,0.02961666666666667,-0.07575833333333333,12.0
2025-04-10,185.44000244140625,186.8699951171875,175.85000610351562,181.22000122070312,68302000,AMZN,0.0683347814631769,0.20675,-0.07049000000000005,8.0,0.19905,0.16943333333333332,4.0
2025-04-11,179.92999267578125,185.86000061035156,178.0,184.8699951171875,50594300,AMZN,0.06346076516072416,0.2097,0.002950000000000008,5.0,0.04844091111111111,0.0,0.0
2025-04-14,186.83999633789065,187.44000244140625,179.22999572753906,182.1199951171875,48002500,AMZN,0.06451707112300314,0.484725,1.056625,4.0,0.0,0.0,3.0
2025-03-03,45.92020966132932,46.665506305526165,44.93642021382334,45.274288177490234,46946000,BAC,0.026994193195598353,0.296,0.0,1.0,0.4588,0.6851,1.0
2025-03-04,44.44949141435704,44.55880219538621,41.76642273652905,42.40240859985352,78278100,BAC,0.026994193195598353,0.4215,0.1255,1.0,-0.5859,-1.0447,1.0
2025-03-05,42.38253853799572,42.462034877736166,41.44843095831517,42.02479553222656,52588900,BAC,0.026994193195598353,0.04170792124542125,0.0,0.0,0.0,0.5859,2.0
2025-03-06,41.32918275933454,41.627300654276766,40.70313252641358,41.19999694824219,58103500,BAC,0.026994193195598353,0.04170792124542125,0.0,0.0,0.0045581089743589745,0.0,0.0
2025-03-07,41.310001373291016,41.72999954223633,40.61000061035156,41.400001525878906,50651400,BAC,0.026994193195598353,0.04170792124542125,0.0,0.0,0.0045581089743589745,0.0,0.0
2025-03-10,40.400001525878906,40.619998931884766,39.18000030517578,39.83000183105469,77498400,BAC,0.027399058309467653,0.04170792124542125,0.0,0.0,-0.51305,-0.5105166666666667,2.0
2025-03-11,39.70000076293945,40.65999984741211,39.27000045776367,39.61000061035156,50608400,BAC,0.01653417628126396,0.128,-0.2935,1.0,0.5994,1.11245,1.0
2025-03-12,40.310001373291016,40.5,39.20000076293945,39.90999984741211,42290700,BAC,0.019140272134681,0.04170792124542125,0.0,0.0,0.3028333333333333,-0.29656666666666676,3.0
2025-03-13,39.970001220703125,40.189998626708984,39.33000183105469,39.66999816894531,37766100,BAC,0.0184096274123308,0.262025,0.134025,4.0,0.36745,0.06461666666666671,2.0
2025-03-14,40.2599983215332,41.02000045776367,40.16999816894531,40.88999938964844,35979900,BAC,0.025026979715980432,-0.263125,-0.52515,4.0,0.0,-0.36745,1.0
2025-03-17,40.91999816894531,41.77000045776367,40.59000015258789,41.439998626708984,37242800,BAC,0.015049645957553781,-0.0027333333333333376,0.2603916666666667,6.0,0.0045581089743589745,0.0,0.0
2025-03-18,41.720001220703125,41.83000183105469,41.290000915527344,41.650001525878906,37644500,BAC,0.013327424548058879,-0.3738,-0.37106666666666666,4.0,0.0,-0.4215,1.0
2025-03-19,41.720001220703125,42.70000076293945,41.29999923706055,42.209999084472656,42471100,BAC,0.013308392617214077,0.123475,0.497275,4.0,0.06743333333333333,0.06743333333333333,3.0
2025-03-20,41.7599983215332,42.720001220703125,41.650001525878906,42.47999954223633,41018100,BAC,0.010047986744774185,0.153,0.029524999999999996,3.0,-0.38885,-0.4562833333333333,4.0
2025-03-21,42.15999984741211,42.65999984741211,41.88999938964844,42.470001220703125,65011000,BAC,0.005824204051895493,0.0,-0.153,4.0,0.037275,0.426125,4.0
2025-03-24,42.93000030517578,43.150001525878906,42.75,43.06999969482422,30646100,BAC,0.005994964927180367,0.09866666666666667,0.09866666666666667,3.0,0.0045581089743589745,0.0,0.0
2025-03-25,43.349998474121094,43.529998779296875,43.040000915527344,43.279998779296875,25445300,BAC,0.006016721685990309,-0.0586,-0.15726666666666667,8.0,0.148,0.6349,2.0
2025-03-26,43.459999084472656,43.720001220703125,42.72999954223633,42.81999969482422,30012100,BAC,0.009140251397478519,-0.311675,-0.253075,4.0,0.0045581089743589745,0.0,0.0
2025-03-27,42.81999969482422,43.09000015258789,42.52000045776367,42.560001373291016,25619200,BAC,0.009631708708298822,0.22341666666666668,0.5350916666666666,6.0,0.0,-0.148,1.0
2025-03-28,42.439998626708984,42.619998931884766,40.9900016784668,41.25,34253000,BAC,0.01717008253131949,-0.07655,-0.2999666666666667,2.0,0.0,0.0,1.0
2025-03-31,40.779998779296875,41.900001525878906,40.599998474121094,41.72999954223633,36390000,BAC,0.016480310825619623,0.0,0.4404,1.0,-0.37895,-0.37895,2.0
2025-04-01,41.31999969482422,41.70000076293945,40.970001220703125,41.4900016784668,25578500,BAC,0.015321501184374576,0.19653333333333334,0.19653333333333334,6.0,0.0,0.37895,1.0
2025-04-02,40.880001068115234,41.970001220703125,40.81999969482422,41.849998474121094,28216100,BAC,0.016965116265363848,-0.4404,-0.6369333333333334,1.0,0.0,0.0,2.0
2025-04-03,38.630001068115234,38.84000015258789,37.02000045776367,37.220001220703125,115497900,BAC,0.05331697143451926,0.23750000000000002,0.6779000000000001,3.0,0.5043,0.5043,2.0
2025-04-04,35.290000915527344,35.790000915527344,33.66999816894531,34.38999938964844,107761200,BAC,0.05836420418292126,0.2202,-0.01730000000000001,2.0,-0.08385000000000002,-0.58815,4.0
2025-04-07,34.970001220703125,36.630001068115234,33.540000915527344,35.58000183105469,137329100,BAC,0.06360295823711823,0.006750000000000006,-0.63015,2.0,0.0,0.0,1.0
2025-04-08,36.86000061035156,37.33000183105469,34.33000183105469,35.029998779296875,79116300,BAC,0.06274119148288772,0.0,-0.006750000000000006,3.0,-0.08666,-0.08666,5.0
2025-04-09,34.04999923706055,37.849998474121094,33.06999969482422,37.150001525878906,161173500,BAC,0.07418637633377109,0.07543333333333334,0.07543333333333334,3.0,0.0595875,0.1462475,8.0
2025-04-10,36.31999969482422,36.400001525878906,34.630001068115234,35.849998474121094,90451800,BAC,0.054985859769708004,0.0,-0.07543333333333334,3.0,-0.24472500000000003,-0.30431250000000004,4.0
2025-04-11,35.20000076293945,36.22999954223633,34.810001373291016,35.95000076293945,63671900,BAC,0.03786650105093775,0.08911428571428572,0.08911428571428572,7.0,0.0172,0.261925,3.0
2025-04-14,36.4900016784668,36.9900016784668,36.27000045776367,36.66999816894531,46830600,BAC,0.03599653529484788,0.07967500000000001,0.07967500000000001,4.0,-0.16178333333333333,-0.24511666666666665,6.0
2025-03-03,25.0,25.040000915527344,22.520000457763672,22.739999771118164,141348700,INTC,0.04995901094380217,0.08577224637681159,0.0,0.0,0.0,0.0,2.0
2025-03-04,22.540000915527344,22.6299991607666,20.760000228881836,21.329999923706055,152182200,INTC,0.04995901094380217,0.08577224637681159,0.0,0.0,0.0,0.0,1.0
2025-03-05,21.329999923706055,21.36000061035156,20.18000030517578,20.809999465942383,127219300,INTC,0.04995901094380217,0.08577224637681159,0.0,0.0,0.026358333333333327,0.0,0.0
2025-03-06,20.260000228881836,21.1299991607666,20.0,20.75,96466400,INTC,0.04995901094380217,0.08577224637681159,0.0,0.0,-0.4939,-0.4939,1.0
2025-03-07,20.270000457763672,21.200000762939453,20.11000061035156,20.63999938964844,81099600,INTC,0.04995901094380217,0.08577224637681159,0.0,0.0,0.0,0.4939,1.0
2025-03-10,20.239999771118164,20.510000228881836,19.649999618530273,19.93000030517578,82760600,INTC,0.024944867170875133,0.08577224637681159,0.0,0.0,0.09106666666666667,0.3718666666666667,3.0
2025-03-11,19.969999313354492,20.059999465942383,19.290000915527344,19.780000686645508,80789000,INTC,0.014051788595913405,0.08577224637681159,0.0,0.0,0.0,-0.09106666666666667,1.0
2025-03-12,20.790000915527344,21.170000076293945,20.209999084472656,20.68000030517578,128671100,INTC,0.028683669329397088,-0.003920000000000002,0.0,5.0,0.17,0.17,2.0
2025-03-13,23.5,24.530000686645508,23.1299991607666,23.700000762939453,243261000,INTC,0.067705961380625,0.0,0.003920000000000002,2.0,0.0,-0.17,1.0
2025-03-14,23.68000030517578,24.3700008392334,23.520000457763672,24.049999237060547,116901600,INTC,0.0659187630287744,-0.34,-0.34,1.0,0.0,0.0,1.0
2025-03-17,24.420000076293945,26.149999618530273,24.3700008392334,25.690000534057617,160723600,INTC,0.05543641631251957,0.01943333333333334,0.3594333333333334,3.0,0.7351,0.4851,1.0
2025-03-18,25.549999237060547,26.40999984741211,25.38999938964844,25.920000076293945,132488800,INTC,0.05145046615374344,0.0,-0.01943333333333334,6.0,0.0,-0.7351,2.0
2025-03-19,24.899999618530273,25.229999542236328,24.030000686645508,24.1200008392334,135491400,INTC,0.07692622232323298,0.16695000000000002,0.16695000000000002,6.0,0.026358333333333327,0.0,0.0
2025-03-20,23.770000457763672,24.309999465942383,23.729999542236328,23.959999084472656,68937600,INTC,0.049615147998990035,0.21471999999999997,0.04776999999999995,5.0,-0.6908,-0.6908,2.0
2025-03-21,23.600000381469727,24.700000762939453,23.489999771118164,24.260000228881836,94110700,INTC,0.04948551211574168,0.0,-0.21471999999999997,1.0,-0.023099999999999996,0.6677,6.0
2025-03-24,24.719999313354492,24.989999771118164,24.1299991607666,24.219999313354492,69169000,INTC,0.03452205576776489,0.125,0.3494,4.0,0.0,0.4019,1.0
2025-03-25,24.18000030517578,24.75,24.11000061035156,24.200000762939453,51743300,INTC,0.033315973708238696,0.1589,0.03390000000000001,3.0,0.296,0.296,1.0
2025-03-26,24.25,24.420000076293945,23.25,23.420000076293945,59496700,INTC,0.016601444698500282,0.12738,-0.03152000000000002,5.0,0.41895000000000004,0.12295000000000006,2.0
2025-03-27,23.290000915527344,23.760000228881836,22.86000061035156,23.6200008392334,57720600,INTC,0.017769808319650467,0.17359999999999998,0.04621999999999998,9.0,0.026358333333333327,0.0,0.0
2025-03-28,23.350000381469727,23.579999923706055,22.559999465942383,22.709999084472656,58365300,INTC,0.021335702727568656,0.105375,-0.06822499999999998,4.0,0.0,-0.41895000000000004,1.0
2025-03-31,22.3799991607666,22.75,21.75,22.709999084472656,65832000,INTC,0.021570593285580947,-0.076475,-0.18185,4.0,0.0,0.0,1.0
2025-04-01,22.559999465942383,22.6200008392334,21.65999984741211,22.049999237060547,64060400,INTC,0.021376369363051637,0.11754,0.194015,5.0,0.026358333333333327,0.0,0.0
2025-04-02,21.88999938964844,22.3799991607666,21.700000762939453,21.979999542236328,58878800,INTC,0.020557608297834,0.1147,-0.002840000000000009,4.0,-0.3062,-0.3062,2.0
2025-04-03,21.399999618530273,23.899999618530273,20.86000061035156,22.43000030517578,242972100,INTC,0.02397803868356391,0.275225,0.160525,4.0,0.24355,0.54975,2.0
2025-04-04,21.700000762939453,22.200000762939453,19.700000762939453,19.850000381469727,175014700,INTC,0.05612232027025973,0.08333333333333333,-0.19189166666666668,3.0,-0.05122500000000001,-0.294775,4.0
2025-04-07,19.13999938964844,20.670000076293945,18.559999465942383,19.56999969482422,142491200,INTC,0.05476185078637481,0.31675,0.31675,4.0,0.14776666666666669,0.3487166666666667,3.0
2025-04-08,20.059999465942383,20.38999938964844,17.670000076293945,18.1299991607666,163982700,INTC,0.05859325891368178,0.06799999999999999,-0.24874999999999997,5.0,0.0,-0.14776666666666669,2.0
2025-04-09,18.06999969482422,21.729999542236328,17.979999542236328,21.530000686645508,224183500,INTC,0.1127416249909291,0.08577224637681159,0.0,0.0,-0.16367500000000001,-0.16367500000000001,4.0
2025-04-10,20.68000030517578,20.81999969482422,19.15999984741211,19.8799991607666,129064900,INTC,0.11614855076688192,0.20045000000000002,0.13245,6.0,0.2263,0.389975,1.0
2025-04-11,19.25,19.799999237060547,18.18000030517578,19.739999771118164,128425800,INTC,0.10245364232755509,0.1998,-0.0006500000000000117,3.0,-0.01983333333333333,-0.24613333333333334,3.0
2025-04-14,20.59000015258789,21.049999237060547,19.979999542236328,20.309999465942383,101964400,INTC,0.10286662722160783,-0.074,-0.074,4.0,0.131675,0.15150833333333333,4.0
2025-03-03,673.0811570323929,680.6444353602695,650.2614937084818,654.4677124023438,10843800,META,0.03860770367444499,-0.0009147768576029511,0.0,0.0,0.0,0.0,1.0
2025-03-04,644.9362031172728,649.1724243402481,623.0956495401799,639.4310913085938,21495200,META,0.03860770367444499,-0.0009147768576029511,0.0,0.0,0.0,0.0,1.0
2025-03-05,640.4302542191028,658.9138106981253,637.09319610967,655.886474609375,13770000,META,0.03860770367444499,-0.0009147768576029511,0.0,0.0,-0.4939,-0.4939,1.0
2025-03-06,647.4239932814962,649.9817152601623,623.5552144493282,627.371826171875,13446500,META,0.03860770367444499,-0.0009147768576029511,0.0,0.0,-0.008462619047619043,0.0,0.0
2025-03-07,624.8141005363861,634.2257099756501,600.0761000698269,625.1038208007812,21375700,META,0.03860770367444499,-0.0009147768576029511,0.0,0.0,0.0516,0.5455,1.0
2025-03-10,607.5294919896663,609.5676566741505,586.3483245399041,597.4584350585938,21999900,META,0.029830573526268018,-0.0009147768576029511,0.0,0.0,0.0,0.2808,1.0
2025-03-11,594.5210719524441,614.3834063038594,592.8026300616355,605.171630859375,17401500,META,0.032551803678355674,0.128,0.0,1.0,-0.008462619047619043,0.0,0.0
2025-03-12,629.3401130606143,632.7670568528157,608.8083309497569,619.00927734375,15747000,META,0.03178340536634926,-0.0009147768576029511,0.0,0.0,0.322625,0.322625,4.0
2025-03-13,619.6986550441117,619.9484328172048,585.988656544404,590.114990234375,16480300,META,0.032673766069615674,-0.0009147768576029511,0.0,0.0,-0.26335,-0.5859749999999999,2.0
2025-03-14,602.7999877929688,608.8599853515625,594.780029296875,607.5999755859375,12364500,META,0.0377428338401937,-0.0009147768576029511,0.0,0.0,-0.5106,-0.24725000000000008,1.0
2025-03-17,607.4600219726562,613.0999755859375,598.0,604.9000244140625,15473900,META,0.030832494981049764,-0.0009147768576029511,0.0,0.0,0.0,-0.2294,2.0
2025-03-18,600.0499877929688,600.25,574.6599731445312,582.3599853515625,20297700,META,0.034696757043463075,-0.0009147768576029511,0.0,0.0,0.060600000000000015,0.060600000000000015,4.0
2025-03-19,584.280029296875,592.3200073242188,574.77001953125,584.0599975585938,20537500,META,0.03135518920964429,-0.5719,-0.6999,1.0,0.19285,0.13224999999999998,4.0
2025-03-20,582.760009765625,610.2000122070312,579.510009765625,586.0,24336500,META,0.02410492336616607,-0.4404,0.13149999999999995,1.0,-0.025733333333333334,-0.21858333333333332,3.0
2025-03-21,583.4199829101562,597.5399780273438,580.9500122070312,596.25,25015900,META,0.020681828781425198,-0.0009147768576029511,0.0,0.0,0.0,0.025733333333333334,3.0
2025-03-24,614.969970703125,622.5399780273438,612.2000122070312,618.8499755859375,15741300,META,0.027578610315651952,0.0,0.4404,1.0,-0.005579999999999993,-0.005579999999999993,5.0
2025-03-25,626.760009765625,633.8800048828125,621.1799926757812,626.3099975585938,15312500,META,0.014045498644248887,-0.0009147768576029511,0.0,0.0,0.13555999999999999,0.14114,5.0
2025-03-26,624.8900146484375,626.75,606.6099853515625,610.97998046875,12609800,META,0.022623744116424028,0.0,0.0,1.0,-0.008462619047619043,0.0,0.0
2025-03-27,602.0,614.25,600.0999755859375,602.5800170898438,10436500,META,0.02489170286282046,0.055,0.055,7.0,0.0,-0.13555999999999999,1.0
2025-03-28,600.3099975585938,601.75,573.9199829101562,576.739990234375,17602800,META,0.03175298637097105,0.18958,0.13458,5.0,-0.06425,-0.06425,2.0
2025-03-31,563.5,578.7000122070312,553.2999877929688,576.3599853515625,21124700,META,0.021557149817389272,-0.2759666666666667,-0.3803666666666667,3.0,0.0,0.0,1.0
2025-04-01,570.8400268554688,589.9099731445312,570.0,586.0,12836600,META,0.02300639023653802,0.25582499999999997,0.5317916666666667,4.0,0.100475,0.100475,4.0
2025-04-02,574.9099731445312,592.6599731445312,573.3599853515625,583.9299926757812,13470800,META,0.022308118203759345,0.004483333333333321,-0.25134166666666663,6.0,0.14845,0.047975000000000004,2.0
2025-04-03,546.219970703125,552.5599975585938,530.2999877929688,531.6199951171875,34777500,META,0.044378221730970606,0.13396666666666665,0.12948333333333334,3.0,0.10143333333333332,-0.04701666666666668,3.0
2025-04-04,506.6199951171875,518.0,494.2000122070313,504.7300109863281,38589800,META,0.045368174212724974,0.14998,0.01601333333333335,5.0,0.1366,0.03516666666666668,2.0
2025-04-07,485.1000061035156,539.3699951171875,481.8999938964844,516.25,36606100,META,0.04968178675882298,-0.0386,-0.6755,2.0,-0.1081333333333333,-0.48278333333333334,3.0
2025-04-08,543.25,547.4299926757812,502.8599853515625,510.4500122070313,28034200,META,0.04566607158948526,0.22104285714285712,0.2596428571428571,7.0,0.0,0.1081333333333333,1.0
2025-04-09,509.2699890136719,587.8900146484375,502.1099853515625,585.77001953125,39216600,META,0.08814848266439099,0.16709999999999997,-0.053942857142857153,5.0,0.0,0.0,1.0
2025-04-10,575.489990234375,581.2999877929688,535.2999877929688,546.2899780273438,28173500,META,0.08215085219839785,0.132475,-0.03462499999999996,4.0,0.0,0.0,3.0
2025-04-11,535.510009765625,547.4000244140625,528.5900268554688,543.5700073242188,17642300,META,0.07644410869510879,-0.07880000000000001,-0.21127500000000002,7.0,0.0,0.0,2.0
2025-04-14,556.1699829101562,557.77001953125,528.280029296875,531.47998046875,14130900,META,0.07794482125533474,-0.048252173913043477,-0.3035521739130435,23.0,-0.015599999999999984,-0.3768,3.0
2025-03-03,123.49864257535764,123.68861991301428,112.26967207329028,114.04950714111328,411381400,NVDA,0.04425422919676468,0.02728777082673425,0.0,0.0,0.05058,0.28893,10.0
2025-03-04,110.6398266732206,119.29902637351395,110.09987541363247,115.97933197021484,398163300,NVDA,0.04425422919676468,0.02728777082673425,0.0,0.0,-0.012650000000000002,-0.06323000000000001,6.0
2025-03-05,117.56918811598004,118.26912068620358,114.49947076595478,117.28921508789062,284337900,NVDA,0.04425422919676468,0.0,0.0,1.0,0.12332000000000001,0.13597,5.0
2025-03-06,113.5195565422474,115.3393888375433,110.209863429875,110.55982971191406,321181900,NVDA,0.04425422919676468,0.0,0.0,1.0,0.018100000000000005,-0.10522000000000001,4.0
2025-03-07,111.2397716760376,113.46957000648337,107.5501084934214,112.6796417236328,341755500,NVDA,0.04425422919676468,0.02728777082673425,0.0,0.0,-0.01017499999999999,-0.028274999999999995,4.0
2025-03-10,109.88989097369002,111.83970852661248,105.45029700249104,106.97016143798828,366487400,NVDA,0.039185732837726,-0.11315,-0.11315,2.0,-0.1589,-0.1589,3.0
2025-03-11,106.98015850635034,112.22967568900776,104.76036144852146,108.75,354865700,NVDA,0.039133472009968744,0.02728777082673425,0.0,0.0,-0.1386,0.020300000000000012,8.0
2025-03-12,114.12000274658205,116.76000213623048,112.87999725341795,115.73999786376952,323857500,NVDA,0.05165581432073119,0.02728777082673425,0.0,0.0,0.09537,0.23397,10.0
2025-03-13,117.02999877929688,117.76000213623048,113.79000091552734,115.58000183105467,299033100,NVDA,0.04130687256654728,0.0,0.11315,3.0,-0.15764999999999998,-0.25301999999999997,2.0
2025-03-14,118.61000061035156,121.87999725341795,118.1500015258789,121.66999816894533,277593500,NVDA,0.04559867410482276,0.02728777082673425,0.0,0.0,0.0,0.15764999999999998,2.0
2025-03-17,122.73999786376952,122.88999938964844,118.02999877929688,119.52999877929688,255501500,NVDA,0.03406436273364184,0.0,0.0,1.0,0.03220411635440582,0.0,0.0
2025-03-18,118.0,119.0199966430664,114.54000091552734,115.43000030517578,299686900,NVDA,0.042841811100057615,0.10639024390243902,0.10639024390243902,41.0,0.2059375,-0.044062500000000004,8.0
2025-03-19,117.2699966430664,120.4499969482422,115.68000030517578,117.5199966430664,273426200,NVDA,0.03334368591449049,0.46605,0.359659756097561,2.0,0.17226666666666665,-0.033670833333333344,6.0
2025-03-20,116.5500030517578,120.1999969482422,116.47000122070312,118.52999877929688,248829700,NVDA,0.033309426655039255,0.015633333333333332,-0.4504166666666667,3.0,-0.053525,-0.22579166666666667,4.0
2025-03-21,116.94000244140624,117.98999786376952,115.41999816894533,117.6999969482422,266498500,NVDA,0.020962016038406917,0.2732,0.25756666666666667,1.0,0.12255,0.176075,4.0
2025-03-24,119.87999725341795,122.22000122070312,119.33999633789062,121.41000366210938,228452500,NVDA,0.02538331572357115,0.125,0.125,2.0,0.2139,-0.32010000000000005,2.0
2025-03-25,120.5500030517578,121.29000091552734,118.91999816894533,120.69000244140624,167447200,NVDA,0.016170776358593746,0.14985,0.02485000000000001,4.0,0.17551666666666665,-0.03838333333333335,6.0
2025-03-26,118.7300033569336,118.83999633789062,112.70999908447266,113.76000213623048,293463300,NVDA,0.033190761747191856,-0.5267,-0.67655,1.0,0.14382,-0.03169666666666665,5.0
2025-03-27,111.3499984741211,114.4499969482422,110.66000366210938,111.43000030517578,236902100,NVDA,0.03244193336688964,-0.2732,0.25349999999999995,1.0,-0.08360000000000001,-0.22742,2.0
2025-03-28,111.48999786376952,112.87000274658205,109.06999969482422,109.66999816894533,229872500,NVDA,0.03232044381889063,0.02728777082673425,0.0,0.0,0.0695125,0.1531125,8.0
2025-03-31,105.12999725341795,110.95999908447266,103.6500015258789,108.37999725341795,299212700,NVDA,0.021072354529944697,0.26508000000000004,0.5382800000000001,5.0,-0.051266666666666676,0.10340833333333332,6.0
2025-04-01,108.5199966430664,110.1999969482422,106.47000122070312,110.1500015258789,222614000,NVDA,0.026976293505282262,-0.0386,-0.30368000000000006,2.0,-0.3101,-0.2588333333333333,2.0
2025-04-02,107.29000091552734,111.9800033569336,106.79000091552734,110.41999816894533,220601200,NVDA,0.015104183501677552,0.02728777082673425,0.0,0.0,0.0909857142857143,0.40108571428571427,7.0
2025-04-03,103.51000213623048,105.62999725341795,101.5999984741211,101.8000030517578,338769400,NVDA,0.03753189106216982,0.0,0.0386,1.0,0.13277692307692307,0.041791208791208775,13.0
2025-04-04,98.91000366210938,100.12999725341795,92.11000061035156,94.30999755859376,532273800,NVDA,0.04555774268783892,0.02728777082673425,0.0,0.0,0.093925,-0.038851923076923076,12.0
2025-04-07,87.45999908447266,101.75,86.62000274658203,97.63999938964844,611041300,NVDA,0.05417921530281436,0.05823333333333333,0.05823333333333333,3.0,0.2666,0.40771666666666667,10.0
2025-04-08,103.80999755859376,105.8499984741211,94.45999908447266,96.3000030517578,476243400,NVDA,0.050588585007700665,-0.11072499999999999,-0.16895833333333332,4.0,0.15838181818181818,-0.10821818181818182,11.0
2025-04-09,98.88999938964844,115.0999984741211,97.52999877929688,114.33000183105467,612918300,NVDA,0.10374682813403883,-0.0258,0.08492499999999999,2.0,-0.12275263157894738,-0.28113444976076557,19.0
2025-04-10,109.37000274658205,110.86000061035156,99.1500015258789,107.56999969482422,437812400,NVDA,0.09974446954280695,0.08073333333333334,0.10653333333333334,6.0,0.085,0.20775263157894738,4.0
2025-04-11,108.5,111.5500030517578,107.4800033569336,110.93000030517578,313417300,NVDA,0.08694862394610682,0.03715,-0.043583333333333335,2.0,0.0,-0.085,3.0
2025-04-14,114.11000061035156,114.29000091552734,109.06999969482422,110.70999908447266,264705000,NVDA,0.08825067259893157,0.11118571428571429,0.11118571428571429,7.0,-0.1532,0.202025,5.0
2025-03-03,88.55000305175781,90.4800033569336,82.52999877929688,83.41999816894531,114573900,PLTR,0.059005426627746375,-0.25,0.13179999999999997,1.0,0.2294,0.16685,2.0
2025-03-04,80.16000366210938,88.5,79.30000305175781,84.4000015258789,116800300,PLTR,0.059005426627746375,-0.00974659090909091,0.0,0.0,-0.03356666666666667,-0.2629666666666667,3.0
2025-03-05,86.3499984741211,90.3000030517578,82.5,90.12999725341795,116053000,PLTR,0.059005426627746375,-0.00974659090909091,0.0,0.0,-0.0972,-0.06363333333333332,3.0
2025-03-06,87.50499725341797,88.33999633789062,80.01000213623047,80.45999908447266,117340600,PLTR,0.059005426627746375,-0.00974659090909091,0.0,0.0,0.0,0.0972,1.0
2025-03-07,80.0250015258789,85.16000366210938,79.1500015258789,84.91000366210938,105377100,PLTR,0.059005426627746375,-0.00974659090909091,0.0,0.0,0.4588,0.4588,1.0
2025-03-10,82.0,82.69000244140625,74.56999969482422,76.37999725341797,136843800,PLTR,0.08643421427945099,0.0,0.25,1.0,0.20315,0.34355,4.0
2025-03-11,75.78500366210938,80.74500274658203,75.52999877929688,78.05000305175781,109351500,PLTR,0.08738704429025883,-0.00974659090909091,0.0,0.0,-0.08445,-0.28759999999999997,8.0
2025-03-12,83.4800033569336,84.55000305175781,79.86000061035156,83.6500015258789,116525100,PLTR,0.08823683145930315,-0.00974659090909091,0.0,0.0,0.15519999999999998,0.23964999999999997,7.0
2025-03-13,82.84500122070312,83.73999786376953,78.31999969482422,79.62000274658203,100927200,PLTR,0.07381000409971365,0.21230000000000002,0.21230000000000002,3.0,0.1272,-0.02799999999999997,5.0
2025-03-14,82.97000122070312,87.2699966430664,82.16000366210938,86.23999786376953,113985000,PLTR,0.0794457974113512,-0.00974659090909091,0.0,0.0,-0.2553,-0.38250000000000006,2.0
2025-03-17,88.44000244140625,88.81999969482422,84.5,87.3499984741211,99348900,PLTR,0.051593797162972,-0.00974659090909091,0.0,0.0,0.0,-0.27115,1.0
2025-03-18,85.77999877929688,86.16999816894531,81.80000305175781,83.88999938964844,93236500,PLTR,0.05994602015893668,-0.00974659090909091,0.0,0.0,0.07926000000000001,0.07926000000000001,5.0
2025-03-19,84.55000305175781,87.98999786376953,82.86000061035156,86.0999984741211,89797400,PLTR,0.05273413370404682,-0.00974659090909091,0.0,0.0,-0.138375,-0.21763500000000002,4.0
2025-03-20,85.54000091552734,89.80000305175781,85.12000274658203,87.38999938964844,105547400,PLTR,0.04283482664924291,-0.00974659090909091,0.0,0.0,0.07543333333333334,0.21380833333333332,3.0
2025-03-21,85.8499984741211,91.06999969482422,84.45999908447266,90.95999908447266,116748700,PLTR,0.030535310630405533,-0.37929999999999997,-0.856,2.0,0.0,-0.07543333333333334,3.0
2025-03-24,93.4000015258789,97.38999938964844,92.27999877929688,96.75,112164700,PLTR,0.038251980958496364,-0.053163636363636364,0.38723636363636366,11.0,-0.064475,0.337425,4.0
2025-03-25,97.22000122070312,98.16999816894533,95.08000183105467,96.5,78015300,PLTR,0.02446050523661146,0.02023,0.07339363636363637,10.0,0.13555999999999999,0.200035,5.0
2025-03-26,96.29000091552734,97.3000030517578,90.81999969482422,92.27999877929688,81428600,PLTR,0.04085843229667876,0.005400000000000002,-0.01483,4.0,-0.028233333333333333,-0.16379333333333332,3.0
2025-03-27,91.01499938964844,93.6500015258789,89.66999816894531,90.08999633789062,82823000,PLTR,0.044184798485086954,0.14228333333333334,0.13688333333333336,6.0,0.2202,0.24843333333333334,2.0
2025-03-28,89.33999633789062,89.37999725341797,84.0999984741211,85.8499984741211,91091700,PLTR,0.044851476126304836,-0.0625,-0.20478333333333334,4.0,-0.074,-0.2942,4.0
2025-03-31,80.0,84.6500015258789,78.75,84.4000015258789,108092900,PLTR,0.019152687031102483,0.15608,0.37628,5.0,0.4019,0.4759,1.0
2025-04-01,83.88999938964844,85.27999877929688,81.81999969482422,84.68000030517578,78980700,PLTR,0.02113569066435749,-0.20732499999999998,-0.363405,4.0,0.04841967724867725,0.0,0.0
2025-04-02,82.4000015258789,88.40499877929688,82.30000305175781,87.44999694824219,96563100,PLTR,0.03024894660408218,0.15587499999999999,0.36319999999999997,4.0,0.0593,-0.34259999999999996,3.0
2025-04-03,81.25,85.68000030517578,81.01000213623047,83.5999984741211,93878200,PLTR,0.033801998279968604,0.0258,-0.130075,1.0,0.05560000000000001,-0.003699999999999988,2.0
2025-04-04,80.06999969482422,80.9800033569336,71.93000030517578,74.01000213623047,147323200,PLTR,0.05874840283335019,-0.2202,-0.246,2.0,-0.1887,-0.24430000000000002,3.0
2025-04-07,66.6500015258789,81.80000305175781,66.12000274658203,77.83999633789062,169083700,PLTR,0.06920313878717937,0.10024,0.10024,5.0,-0.08922857142857142,0.09947142857142859,7.0
2025-04-08,83.29000091552734,86.11399841308594,75.22000122070312,77.31999969482422,135345600,PLTR,0.0686404938197501,-0.23786666666666667,-0.33810666666666667,3.0,0.0,0.08922857142857142,1.0
2025-04-09,78.19000244140625,93.33000183105467,77.2699966430664,92.01000213623048,187244300,PLTR,0.11090937110527432,-0.061100000000000015,0.17676666666666666,2.0,0.007055555555555555,0.007055555555555555,9.0
2025-04-10,88.4000015258789,90.77999877929688,84.13999938964844,88.58999633789062,124448200,PLTR,0.1100632807846791,0.0,0.061100000000000015,3.0,0.28595,0.27889444444444444,2.0
2025-04-11,87.9800033569336,89.55000305175781,85.47000122070312,88.55000305175781,95130700,PLTR,0.083438366363987,0.29563333333333336,0.29563333333333336,3.0,0.05135,-0.23459999999999998,2.0
2025-04-14,95.8000030517578,97.33000183105467,91.45999908447266,92.62000274658205,122836900,PLTR,0.08323354309881484,0.16268181818181818,0.0729318181818182,11.0,-0.03924,0.41816,5.0
2025-03-03,300.3399963378906,303.94000244140625,277.29998779296875,284.6499938964844,115551400,TSLA,0.06937443872544503,0.0172,0.2435,3.0,-0.10656000000000002,0.006589999999999985,5.0
2025-03-04,270.92999267578125,284.3500061035156,261.8399963378906,272.0400085449219,126706600,TSLA,0.06937443872544503,-0.3818,-0.39899999999999997,1.0,-0.0468,0.059760000000000014,7.0
2025-03-05,272.9200134277344,279.54998779296875,267.7099914550781,279.1000061035156,94042900,TSLA,0.06937443872544503,-0.10115,0.28064999999999996,2.0,0.11175,0.15855,6.0
2025-03-06,272.05999755859375,272.6499938964844,260.0199890136719,263.45001220703125,98451600,TSLA,0.06937443872544503,0.07689999999999998,0.17804999999999999,3.0,0.05069999999999999,-0.061050000000000014,5.0
2025-03-07,259.32000732421875,266.25,250.72999572753903,262.6700134277344,102369600,TSLA,0.06937443872544503,-0.027867750166500168,0.0,0.0,-0.0485,-0.09919999999999998,4.0
2025-03-10,252.5399932861328,253.3699951171875,220.0,222.1499938964844,189076900,TSLA,0.07387205291893822,-0.23227142857142855,-0.4585714285714285,7.0,0.07943181818181819,0.3427818181818182,22.0
2025-03-11,225.30999755859375,237.05999755859375,217.02000427246097,230.5800018310547,174896400,TSLA,0.08364483515488368,-0.12669999999999998,0.10557142857142857,4.0,0.1354692307692308,0.0560374125874126,13.0
2025-03-12,247.22000122070312,251.83999633789065,241.1000061035156,248.08999633789065,142215700,TSLA,0.09404860684327522,-0.027867750166500168,0.0,0.0,-0.005562500000000005,-0.14103173076923078,8.0
2025-03-13,248.1300048828125,248.2899932861328,232.6000061035156,240.67999267578125,114813500,TSLA,0.09234462331456701,-0.027867750166500168,0.0,0.0,0.04823999999999999,0.053802499999999996,5.0
2025-03-14,247.30999755859375,251.5800018310547,240.72999572753903,249.97999572753903,100242300,TSLA,0.09576346406050106,-0.0897,0.03699999999999998,1.0,0.055380000000000006,0.007140000000000014,10.0
2025-03-17,245.05999755859375,245.3999938964844,232.8000030517578,238.0099945068359,111900600,TSLA,0.05137603313632349,0.07863333333333333,0.16833333333333333,3.0,0.31845,0.25791000000000003,2.0
2025-03-18,228.16000366210935,230.1000061035156,222.27999877929688,225.30999755859375,111477600,TSLA,0.05705676305803832,-0.2235,-0.30213333333333336,3.0,0.20363333333333333,-0.11481666666666668,12.0
2025-03-19,231.61000061035156,241.41000366210935,229.1999969482422,235.86000061035156,111993800,TSLA,0.04835921889028712,0.0193,0.24280000000000002,4.0,0.08699375,-0.11663958333333334,16.0
2025-03-20,233.3500061035156,238.0,230.0500030517578,236.2599945068359,99028300,TSLA,0.04711749786788233,0.042666666666666665,0.023366666666666664,3.0,-0.10812000000000001,-0.19511375,15.0
2025-03-21,234.9900054931641,249.52000427246097,234.5500030517578,248.7100067138672,132728700,TSLA,0.05035795270839521,0.001350000000000004,-0.04131666666666666,4.0,0.11546666666666666,0.22358666666666666,12.0
2025-03-24,258.0799865722656,278.6400146484375,256.3299865722656,278.3900146484375,169079900,TSLA,0.06232745865381715,0.0,-0.001350000000000004,2.0,0.033030000000000004,0.16699666666666665,10.0
2025-03-25,283.6000061035156,288.20001220703125,271.2799987792969,288.1400146484375,150361500,TSLA,0.0403990935851802,0.0086,0.0086,3.0,0.050249999999999996,0.017219999999999992,12.0
2025-03-26,282.6600036621094,284.8999938964844,266.510009765625,272.05999755859375,153629800,TSLA,0.06275842294153305,0.0577,0.049100000000000005,2.0,0.1878,0.13755,8.0
2025-03-27,272.4800109863281,291.8500061035156,271.82000732421875,273.1300048828125,162572100,TSLA,0.06252721421252806,0.12835000000000002,0.07065000000000002,2.0,0.22263333333333332,0.03483333333333333,6.0
2025-03-28,275.5799865722656,276.1000061035156,260.57000732421875,263.54998779296875,123809400,TSLA,0.06672750974398886,-0.125,-0.25335,2.0,0.05628333333333333,-0.16635,6.0
2025-03-31,249.30999755859375,260.55999755859375,243.36000061035156,259.1600036621094,134008900,TSLA,0.0354619867601412,0.31845,0.5447500000000001,2.0,-0.1295714285714286,-0.2826714285714286,7.0
2025-04-01,263.79998779296875,277.45001220703125,259.25,268.4599914550781,146486900,TSLA,0.035748926953575844,-0.10145,-0.4199,6.0,-0.05654999999999999,0.0730214285714286,2.0
2025-04-02,254.6000061035156,284.989990234375,251.27000427246097,282.760009765625,212787800,TSLA,0.03609376091629606,-0.01949090909090909,0.08195909090909091,11.0,0.06502105263157895,0.12157105263157894,19.0
2025-04-03,265.2900085449219,276.29998779296875,261.510009765625,267.2799987792969,136174300,TSLA,0.04628547408086893,-0.027867750166500168,0.0,0.0,0.09284545454545454,0.027824401913875585,11.0
2025-04-04,255.3800048828125,261.0,236.0,239.42999267578125,181229400,TSLA,0.06643352273743083,0.0,0.01949090909090909,1.0,0.06955714285714286,-0.023288311688311678,21.0
2025-04-07,223.77999877929688,252.0,214.25,233.2899932861328,183453800,TSLA,0.0664775109671788,0.049879999999999994,0.29988,5.0,0.03486000000000001,0.28306000000000003,10.0
2025-04-08,245.0,250.44000244140625,217.8000030517578,221.86000061035156,171603500,TSLA,0.05894836319268938,-0.027867750166500168,0.0,0.0,0.019992857142857142,-0.014867142857142867,14.0
2025-04-09,224.69000244140625,274.69000244140625,223.8800048828125,272.20001220703125,219433400,TSLA,0.12247748178413286,-0.0675,-0.11738,3.0,0.020969230769230764,0.0009763736263736222,13.0
2025-04-10,260.0,262.489990234375,239.3300018310547,252.3999938964844,181722600,TSLA,0.12466968601575604,0.11881250000000002,0.18631250000000002,8.0,0.11113636363636364,0.09016713286713288,11.0
2025-04-11,251.83999633789065,257.739990234375,241.36000061035156,252.30999755859375,128948100,TSLA,0.11199277800546581,-0.027274999999999994,-0.1460875,4.0,0.164,0.05286363636363636,10.0
2025-04-14,258.3599853515625,261.79998779296875,245.92999267578125,252.3500061035156,100135200,TSLA,0.11046516835789609,-0.14656666666666668,0.05573333333333333,3.0,0.0,0.20026000000000002,1.0
2025-03-03,472.3513267178483,475.2389797704821,463.23030319807685,465.0624694824219,5700200,UNH,0.015823234096497,0.0,0.0,1.0,0.0407,0.267,4.0
2025-03-04,467.7509976356769,477.1707324749271,464.474989590723,472.5903015136719,5864100,UNH,0.015823234096497,0.6908,0.6908,1.0,-0.3532666666666666,-0.39396666666666663,3.0
2025-03-05,469.0653889406884,477.04128206267615,469.00564669915383,473.9544982910156,3637100,UNH,0.015823234096497,0.09553206944444445,0.0,0.0,0.10115,0.45441666666666664,2.0
2025-03-06,473.9744039539448,486.0428229909063,469.99142576945786,485.64453125,4964000,UNH,0.015823234096497,0.09553206944444445,0.0,0.0,0.2263,0.12514999999999998,1.0
2025-03-07,481.77104618512647,497.79260186881527,481.3130122254721,491.3800048828125,5434100,UNH,0.015823234096497,0.4767,-0.21409999999999996,1.0,0.0,-0.2263,2.0
2025-03-10,492.2799987792969,497.8500061035156,477.7099914550781,480.2200012207031,5108900,UNH,0.0181639619935998,0.09553206944444445,0.0,0.0,-0.0772,0.2036,1.0
2025-03-11,482.5,486.7699890136719,477.1400146484375,486.0400085449219,4101000,UNH,0.01771469895648345,0.09553206944444445,0.0,0.0,-0.21075,-0.13355,2.0
2025-03-12,483.1400146484375,487.6000061035156,478.8200073242187,481.1099853515625,3680800,UNH,0.019127605169772934,0.09553206944444445,0.0,0.0,-0.03423333333333333,0.17651666666666666,3.0
2025-03-13,479.4500122070313,484.05999755859375,475.0,481.5199890136719,2876600,UNH,0.015007177916470372,0.09553206944444445,0.0,0.0,0.07038000000000001,0.10461333333333334,5.0
2025-03-14,481.0,489.4500122070313,478.239990234375,488.6499938964844,3915900,UNH,0.015711529943547006,0.09553206944444445,0.0,0.0,0.041120000000000004,-0.029260000000000008,5.0
2025-03-17,487.510009765625,500.6099853515625,485.9500122070313,499.0199890136719,5152300,UNH,0.012368149117123294,0.09553206944444445,0.0,0.0,-0.4153,-0.45642,2.0
2025-03-18,502.239990234375,505.9700012207031,497.8200073242187,503.7999877929687,3617600,UNH,0.012196206967846462,0.5994,0.12270000000000003,1.0,0.0,0.4153,1.0
2025-03-19,505.0400085449219,506.3500061035156,500.05999755859375,503.2000122070313,3317600,UNH,0.009314118001446143,0.3182,-0.28120000000000006,1.0,0.08203999999999999,0.08203999999999999,5.0
2025-03-20,505.25,514.3900146484375,503.510009765625,511.2999877929687,4965400,UNH,0.008428108554602432,0.09553206944444445,0.0,0.0,0.27,0.18796000000000002,3.0
2025-03-21,511.6799926757813,519.0,505.0899963378906,516.8499755859375,10244900,UNH,0.008295567439870533,0.09553206944444445,0.0,0.0,0.07086,-0.19914,5.0
2025-03-24,515.0800170898438,518.25,511.1199951171875,516.5,3840900,UNH,0.007537333362394531,0.0,-0.3182,1.0,-0.024249999999999994,0.2617,6.0
2025-03-25,518.280029296875,519.0,511.5299987792969,513.4299926757812,3015100,UNH,0.009182535142315406,0.09553206944444445,0.0,0.0,-0.19496666666666665,-0.17071666666666666,3.0
2025-03-26,515.2000122070312,522.9500122070312,512.8499755859375,518.2000122070312,3253800,UNH,0.008951462769977186,-0.1591,-0.1591,2.0,-0.4215,-0.22653333333333334,1.0
2025-03-27,516.2899780273438,521.0800170898438,512.9500122070312,515.719970703125,2822200,UNH,0.007846529981011572,0.0,0.1591,1.0,0.34,0.7615000000000001,1.0
2025-03-28,516.8699951171875,520.97998046875,515.0499877929688,516.0399780273438,2379100,UNH,0.006008852794787952,0.07274,0.07274,5.0,-0.02440847222222221,0.0,0.0
2025-03-31,519.1799926757812,528.1199951171875,518.5900268554688,523.75,5238700,UNH,0.009021280797780671,0.3821,0.45865,5.0,0.0,0.0,1.0
2025-04-01,525.739990234375,528.1699829101562,520.9500122070312,523.1199951171875,2962500,UNH,0.008068227412189545,-0.39493333333333336,-0.7770333333333334,3.0,0.2202,0.2202,2.0
2025-04-02,522.9500122070312,525.0,516.7999877929688,523.2000122070312,2378900,UNH,0.00752272566313961,-0.3454,0.049533333333333374,2.0,0.0,-0.2202,2.0
2025-04-03,529.989990234375,548.5,529.2899780273438,540.4400024414062,6457900,UNH,0.014443159187573044,-0.2052625,0.1401375,8.0,0.0,0.0,1.0
2025-04-04,540.6400146484375,551.739990234375,524.8400268554688,525.0499877929688,9919000,UNH,0.022622834614997502,0.11316666666666668,0.31842916666666665,6.0,-0.06107500000000001,-0.06107500000000001,4.0
2025-04-07,513.4000244140625,529.2000122070312,503.5899963378906,524.7000122070312,7356700,UNH,0.021719487112848067,-0.013677777777777782,-0.3536777777777778,9.0,-0.3182,0.04300000000000004,1.0
2025-04-08,582.1699829101562,585.010009765625,547.4600219726562,553.0800170898438,11762300,UNH,0.031782846531433616,0.12394999999999999,0.13762777777777777,8.0,0.0,0.3182,1.0
2025-04-09,560.1400146484375,589.4000244140625,554.4600219726562,578.5,12691900,UNH,0.03413607697035628,0.09450000000000001,-0.029449999999999976,11.0,0.1271375,0.1271375,8.0
2025-04-10,580.239990234375,601.8800048828125,580.0,594.4000244140625,8646000,UNH,0.03373729940890636,0.167625,0.07312499999999998,4.0,-0.10533333333333333,-0.23247083333333332,3.0
2025-04-11,588.9199829101562,606.3599853515625,586.530029296875,599.469970703125,6121500,UNH,0.022845751021554686,0.009200000000000005,-0.15842499999999998,6.0,-0.10606666666666666,-0.000733333333333322,3.0
2025-04-14,595.0,595.6300048828125,579.2899780273438,587.0599975585938,4839300,UNH,0.02965055967689359,-0.019366666666666664,-0.47669999999999996,15.0,0.0,0.10606666666666666,2.0
